--------------------------------------------------------
-- Archivo creado  - jueves-abril-10-2025
--------------------------------------------------------
--------------------------------------------------------
--  DDL for Table ABILITY
--------------------------------------------------------

CREATE TABLE "POKEMON"."ABILITY"
(	"ID" NUMBER GENERATED BY DEFAULT AS IDENTITY MINVALUE 1 MAXVALUE 9999999999999999999999999999 INCREMENT BY 1 START WITH 1 CACHE 20 NOORDER  NOCYCLE  NOKEEP  NOSCALE ,
     "NAME" VARCHAR2(100 BYTE)
) SEGMENT CREATION IMMEDIATE
  PCTFREE 10 PCTUSED 40 INITRANS 1 MAXTRANS 255
 NOCOMPRESS LOGGING
  STORAGE(INITIAL 65536 NEXT 1048576 MINEXTENTS 1 MAXEXTENTS 2147483645
  PCTINCREASE 0 FREELISTS 1 FREELIST GROUPS 1
  BUFFER_POOL DEFAULT FLASH_CACHE DEFAULT CELL_FLASH_CACHE DEFAULT)
  TABLESPACE "USERS" ;
--------------------------------------------------------
--  DDL for Table POKEMON
--------------------------------------------------------

CREATE TABLE "POKEMON"."POKEMON"
(	"ID" NUMBER GENERATED BY DEFAULT AS IDENTITY MINVALUE 1 MAXVALUE 9999999999999999999999999999 INCREMENT BY 1 START WITH 1 CACHE 20 NOORDER  NOCYCLE  NOKEEP  NOSCALE ,
     "NAME" VARCHAR2(100 BYTE)
) SEGMENT CREATION IMMEDIATE
  PCTFREE 10 PCTUSED 40 INITRANS 1 MAXTRANS 255
 NOCOMPRESS LOGGING
  STORAGE(INITIAL 65536 NEXT 1048576 MINEXTENTS 1 MAXEXTENTS 2147483645
  PCTINCREASE 0 FREELISTS 1 FREELIST GROUPS 1
  BUFFER_POOL DEFAULT FLASH_CACHE DEFAULT CELL_FLASH_CACHE DEFAULT)
  TABLESPACE "USERS" ;
--------------------------------------------------------
--  DDL for Table POKEMON_ABILITY
--------------------------------------------------------

CREATE TABLE "POKEMON"."POKEMON_ABILITY"
(	"POKEMON_ID" NUMBER,
     "ABILITY_ID" NUMBER
) SEGMENT CREATION IMMEDIATE
  PCTFREE 10 PCTUSED 40 INITRANS 1 MAXTRANS 255
 NOCOMPRESS LOGGING
  STORAGE(INITIAL 65536 NEXT 1048576 MINEXTENTS 1 MAXEXTENTS 2147483645
  PCTINCREASE 0 FREELISTS 1 FREELIST GROUPS 1
  BUFFER_POOL DEFAULT FLASH_CACHE DEFAULT CELL_FLASH_CACHE DEFAULT)
  TABLESPACE "USERS" ;
--------------------------------------------------------
--  DDL for Table POKEMON_TYPE
--------------------------------------------------------

CREATE TABLE "POKEMON"."POKEMON_TYPE"
(	"POKEMON_ID" NUMBER,
     "TYPE_ID" NUMBER
) SEGMENT CREATION IMMEDIATE
  PCTFREE 10 PCTUSED 40 INITRANS 1 MAXTRANS 255
 NOCOMPRESS LOGGING
  STORAGE(INITIAL 65536 NEXT 1048576 MINEXTENTS 1 MAXEXTENTS 2147483645
  PCTINCREASE 0 FREELISTS 1 FREELIST GROUPS 1
  BUFFER_POOL DEFAULT FLASH_CACHE DEFAULT CELL_FLASH_CACHE DEFAULT)
  TABLESPACE "USERS" ;
--------------------------------------------------------
--  DDL for Table TYPE
--------------------------------------------------------

CREATE TABLE "POKEMON"."TYPE"
(	"ID" NUMBER GENERATED BY DEFAULT AS IDENTITY MINVALUE 1 MAXVALUE 9999999999999999999999999999 INCREMENT BY 1 START WITH 1 CACHE 20 NOORDER  NOCYCLE  NOKEEP  NOSCALE ,
     "NAME" VARCHAR2(100 BYTE)
) SEGMENT CREATION IMMEDIATE
  PCTFREE 10 PCTUSED 40 INITRANS 1 MAXTRANS 255
 NOCOMPRESS LOGGING
  STORAGE(INITIAL 65536 NEXT 1048576 MINEXTENTS 1 MAXEXTENTS 2147483645
  PCTINCREASE 0 FREELISTS 1 FREELIST GROUPS 1
  BUFFER_POOL DEFAULT FLASH_CACHE DEFAULT CELL_FLASH_CACHE DEFAULT)
  TABLESPACE "USERS" ;
--------------------------------------------------------
--  DDL for View POKEMONRESUME
--------------------------------------------------------

CREATE OR REPLACE FORCE NONEDITIONABLE VIEW "POKEMON"."POKEMONRESUME" ("ID", "POKEMONNAME", "ABILITYNAME", "TYPENAME") AS
SELECT
    ROWNUM AS id,
    p.name AS pokemonName,
    a.name AS abilityName,
    t.name AS typeName
FROM
    pokemon p
        JOIN
    pokemon_ability pa ON p.id = pa.pokemon_id
        JOIN
    pokemon_type pt ON pt.pokemon_id = pa.pokemon_id
        JOIN
    ability a ON a.id = pa.ability_id
        JOIN
    type t ON t.id = pt.type_id
;
REM INSERTING into POKEMON.ABILITY
SET DEFINE OFF;
Insert into POKEMON.ABILITY (ID,NAME) values ('5','blaze');
Insert into POKEMON.ABILITY (ID,NAME) values ('4','chlorophyll');
Insert into POKEMON.ABILITY (ID,NAME) values ('1','overgrow');
Insert into POKEMON.ABILITY (ID,NAME) values ('8','rain-dish');
Insert into POKEMON.ABILITY (ID,NAME) values ('10','run-away');
Insert into POKEMON.ABILITY (ID,NAME) values ('9','shield-dust');
Insert into POKEMON.ABILITY (ID,NAME) values ('6','solar-power');
Insert into POKEMON.ABILITY (ID,NAME) values ('7','torrent');
REM INSERTING into POKEMON.POKEMON
SET DEFINE OFF;
Insert into POKEMON.POKEMON (ID,NAME) values ('1','bulbasaur');
Insert into POKEMON.POKEMON (ID,NAME) values ('5','caterpie');
Insert into POKEMON.POKEMON (ID,NAME) values ('3','charmander');
Insert into POKEMON.POKEMON (ID,NAME) values ('2','ivysaur');
Insert into POKEMON.POKEMON (ID,NAME) values ('4','squirtle');
REM INSERTING into POKEMON.POKEMON_ABILITY
SET DEFINE OFF;
Insert into POKEMON.POKEMON_ABILITY (POKEMON_ID,ABILITY_ID) values ('1','1');
Insert into POKEMON.POKEMON_ABILITY (POKEMON_ID,ABILITY_ID) values ('1','4');
Insert into POKEMON.POKEMON_ABILITY (POKEMON_ID,ABILITY_ID) values ('2','1');
Insert into POKEMON.POKEMON_ABILITY (POKEMON_ID,ABILITY_ID) values ('2','4');
Insert into POKEMON.POKEMON_ABILITY (POKEMON_ID,ABILITY_ID) values ('3','5');
Insert into POKEMON.POKEMON_ABILITY (POKEMON_ID,ABILITY_ID) values ('3','6');
Insert into POKEMON.POKEMON_ABILITY (POKEMON_ID,ABILITY_ID) values ('4','7');
Insert into POKEMON.POKEMON_ABILITY (POKEMON_ID,ABILITY_ID) values ('4','8');
Insert into POKEMON.POKEMON_ABILITY (POKEMON_ID,ABILITY_ID) values ('5','9');
Insert into POKEMON.POKEMON_ABILITY (POKEMON_ID,ABILITY_ID) values ('5','10');
REM INSERTING into POKEMON.POKEMON_TYPE
SET DEFINE OFF;
Insert into POKEMON.POKEMON_TYPE (POKEMON_ID,TYPE_ID) values ('1','4');
Insert into POKEMON.POKEMON_TYPE (POKEMON_ID,TYPE_ID) values ('1','5');
Insert into POKEMON.POKEMON_TYPE (POKEMON_ID,TYPE_ID) values ('2','4');
Insert into POKEMON.POKEMON_TYPE (POKEMON_ID,TYPE_ID) values ('2','5');
Insert into POKEMON.POKEMON_TYPE (POKEMON_ID,TYPE_ID) values ('3','3');
Insert into POKEMON.POKEMON_TYPE (POKEMON_ID,TYPE_ID) values ('4','2');
Insert into POKEMON.POKEMON_TYPE (POKEMON_ID,TYPE_ID) values ('5','1');
REM INSERTING into POKEMON.TYPE
SET DEFINE OFF;
Insert into POKEMON.TYPE (ID,NAME) values ('1','bug');
Insert into POKEMON.TYPE (ID,NAME) values ('3','fire');
Insert into POKEMON.TYPE (ID,NAME) values ('4','grass');
Insert into POKEMON.TYPE (ID,NAME) values ('5','poison');
Insert into POKEMON.TYPE (ID,NAME) values ('2','water');
REM INSERTING into POKEMON.POKEMONRESUME
SET DEFINE OFF;
Insert into POKEMON.POKEMONRESUME (ID,POKEMONNAME,ABILITYNAME,TYPENAME) values ('1','caterpie','run-away','bug');
Insert into POKEMON.POKEMONRESUME (ID,POKEMONNAME,ABILITYNAME,TYPENAME) values ('2','caterpie','shield-dust','bug');
Insert into POKEMON.POKEMONRESUME (ID,POKEMONNAME,ABILITYNAME,TYPENAME) values ('3','charmander','blaze','fire');
Insert into POKEMON.POKEMONRESUME (ID,POKEMONNAME,ABILITYNAME,TYPENAME) values ('4','charmander','solar-power','fire');
Insert into POKEMON.POKEMONRESUME (ID,POKEMONNAME,ABILITYNAME,TYPENAME) values ('5','bulbasaur','chlorophyll','grass');
Insert into POKEMON.POKEMONRESUME (ID,POKEMONNAME,ABILITYNAME,TYPENAME) values ('6','bulbasaur','overgrow','grass');
Insert into POKEMON.POKEMONRESUME (ID,POKEMONNAME,ABILITYNAME,TYPENAME) values ('7','ivysaur','chlorophyll','grass');
Insert into POKEMON.POKEMONRESUME (ID,POKEMONNAME,ABILITYNAME,TYPENAME) values ('8','ivysaur','overgrow','grass');
Insert into POKEMON.POKEMONRESUME (ID,POKEMONNAME,ABILITYNAME,TYPENAME) values ('9','bulbasaur','chlorophyll','poison');
Insert into POKEMON.POKEMONRESUME (ID,POKEMONNAME,ABILITYNAME,TYPENAME) values ('10','bulbasaur','overgrow','poison');
Insert into POKEMON.POKEMONRESUME (ID,POKEMONNAME,ABILITYNAME,TYPENAME) values ('11','ivysaur','chlorophyll','poison');
Insert into POKEMON.POKEMONRESUME (ID,POKEMONNAME,ABILITYNAME,TYPENAME) values ('12','ivysaur','overgrow','poison');
Insert into POKEMON.POKEMONRESUME (ID,POKEMONNAME,ABILITYNAME,TYPENAME) values ('13','squirtle','rain-dish','water');
Insert into POKEMON.POKEMONRESUME (ID,POKEMONNAME,ABILITYNAME,TYPENAME) values ('14','squirtle','torrent','water');
--------------------------------------------------------
--  DDL for Index PK_POKEMON_ABILITY
--------------------------------------------------------

CREATE UNIQUE INDEX "POKEMON"."PK_POKEMON_ABILITY" ON "POKEMON"."POKEMON_ABILITY" ("POKEMON_ID", "ABILITY_ID")
    PCTFREE 10 INITRANS 2 MAXTRANS 255 COMPUTE STATISTICS
  STORAGE(INITIAL 65536 NEXT 1048576 MINEXTENTS 1 MAXEXTENTS 2147483645
  PCTINCREASE 0 FREELISTS 1 FREELIST GROUPS 1
  BUFFER_POOL DEFAULT FLASH_CACHE DEFAULT CELL_FLASH_CACHE DEFAULT)
  TABLESPACE "USERS" ;
--------------------------------------------------------
--  DDL for Index PK_POKEMON_TYPE
--------------------------------------------------------

CREATE UNIQUE INDEX "POKEMON"."PK_POKEMON_TYPE" ON "POKEMON"."POKEMON_TYPE" ("POKEMON_ID", "TYPE_ID")
    PCTFREE 10 INITRANS 2 MAXTRANS 255 COMPUTE STATISTICS
  STORAGE(INITIAL 65536 NEXT 1048576 MINEXTENTS 1 MAXEXTENTS 2147483645
  PCTINCREASE 0 FREELISTS 1 FREELIST GROUPS 1
  BUFFER_POOL DEFAULT FLASH_CACHE DEFAULT CELL_FLASH_CACHE DEFAULT)
  TABLESPACE "USERS" ;
--------------------------------------------------------
--  DDL for Index SYS_C008338
--------------------------------------------------------

CREATE UNIQUE INDEX "POKEMON"."SYS_C008338" ON "POKEMON"."POKEMON" ("ID")
    PCTFREE 10 INITRANS 2 MAXTRANS 255 COMPUTE STATISTICS
  STORAGE(INITIAL 65536 NEXT 1048576 MINEXTENTS 1 MAXEXTENTS 2147483645
  PCTINCREASE 0 FREELISTS 1 FREELIST GROUPS 1
  BUFFER_POOL DEFAULT FLASH_CACHE DEFAULT CELL_FLASH_CACHE DEFAULT)
  TABLESPACE "USERS" ;
--------------------------------------------------------
--  DDL for Index SYS_C008339
--------------------------------------------------------

CREATE UNIQUE INDEX "POKEMON"."SYS_C008339" ON "POKEMON"."POKEMON" ("NAME")
    PCTFREE 10 INITRANS 2 MAXTRANS 255 COMPUTE STATISTICS
  STORAGE(INITIAL 65536 NEXT 1048576 MINEXTENTS 1 MAXEXTENTS 2147483645
  PCTINCREASE 0 FREELISTS 1 FREELIST GROUPS 1
  BUFFER_POOL DEFAULT FLASH_CACHE DEFAULT CELL_FLASH_CACHE DEFAULT)
  TABLESPACE "USERS" ;
--------------------------------------------------------
--  DDL for Index SYS_C008342
--------------------------------------------------------

CREATE UNIQUE INDEX "POKEMON"."SYS_C008342" ON "POKEMON"."TYPE" ("ID")
    PCTFREE 10 INITRANS 2 MAXTRANS 255 COMPUTE STATISTICS
  STORAGE(INITIAL 65536 NEXT 1048576 MINEXTENTS 1 MAXEXTENTS 2147483645
  PCTINCREASE 0 FREELISTS 1 FREELIST GROUPS 1
  BUFFER_POOL DEFAULT FLASH_CACHE DEFAULT CELL_FLASH_CACHE DEFAULT)
  TABLESPACE "USERS" ;
--------------------------------------------------------
--  DDL for Index SYS_C008343
--------------------------------------------------------

CREATE UNIQUE INDEX "POKEMON"."SYS_C008343" ON "POKEMON"."TYPE" ("NAME")
    PCTFREE 10 INITRANS 2 MAXTRANS 255 COMPUTE STATISTICS
  STORAGE(INITIAL 65536 NEXT 1048576 MINEXTENTS 1 MAXEXTENTS 2147483645
  PCTINCREASE 0 FREELISTS 1 FREELIST GROUPS 1
  BUFFER_POOL DEFAULT FLASH_CACHE DEFAULT CELL_FLASH_CACHE DEFAULT)
  TABLESPACE "USERS" ;
--------------------------------------------------------
--  DDL for Index SYS_C008351
--------------------------------------------------------

CREATE UNIQUE INDEX "POKEMON"."SYS_C008351" ON "POKEMON"."ABILITY" ("ID")
    PCTFREE 10 INITRANS 2 MAXTRANS 255 COMPUTE STATISTICS
  STORAGE(INITIAL 65536 NEXT 1048576 MINEXTENTS 1 MAXEXTENTS 2147483645
  PCTINCREASE 0 FREELISTS 1 FREELIST GROUPS 1
  BUFFER_POOL DEFAULT FLASH_CACHE DEFAULT CELL_FLASH_CACHE DEFAULT)
  TABLESPACE "USERS" ;
--------------------------------------------------------
--  DDL for Index SYS_C008352
--------------------------------------------------------

CREATE UNIQUE INDEX "POKEMON"."SYS_C008352" ON "POKEMON"."ABILITY" ("NAME")
    PCTFREE 10 INITRANS 2 MAXTRANS 255 COMPUTE STATISTICS
  STORAGE(INITIAL 65536 NEXT 1048576 MINEXTENTS 1 MAXEXTENTS 2147483645
  PCTINCREASE 0 FREELISTS 1 FREELIST GROUPS 1
  BUFFER_POOL DEFAULT FLASH_CACHE DEFAULT CELL_FLASH_CACHE DEFAULT)
  TABLESPACE "USERS" ;
--------------------------------------------------------
--  DDL for Index SYS_C008351
--------------------------------------------------------

CREATE UNIQUE INDEX "POKEMON"."SYS_C008351" ON "POKEMON"."ABILITY" ("ID")
    PCTFREE 10 INITRANS 2 MAXTRANS 255 COMPUTE STATISTICS
  STORAGE(INITIAL 65536 NEXT 1048576 MINEXTENTS 1 MAXEXTENTS 2147483645
  PCTINCREASE 0 FREELISTS 1 FREELIST GROUPS 1
  BUFFER_POOL DEFAULT FLASH_CACHE DEFAULT CELL_FLASH_CACHE DEFAULT)
  TABLESPACE "USERS" ;
--------------------------------------------------------
--  DDL for Index SYS_C008352
--------------------------------------------------------

CREATE UNIQUE INDEX "POKEMON"."SYS_C008352" ON "POKEMON"."ABILITY" ("NAME")
    PCTFREE 10 INITRANS 2 MAXTRANS 255 COMPUTE STATISTICS
  STORAGE(INITIAL 65536 NEXT 1048576 MINEXTENTS 1 MAXEXTENTS 2147483645
  PCTINCREASE 0 FREELISTS 1 FREELIST GROUPS 1
  BUFFER_POOL DEFAULT FLASH_CACHE DEFAULT CELL_FLASH_CACHE DEFAULT)
  TABLESPACE "USERS" ;
--------------------------------------------------------
--  DDL for Index SYS_C008338
--------------------------------------------------------

CREATE UNIQUE INDEX "POKEMON"."SYS_C008338" ON "POKEMON"."POKEMON" ("ID")
    PCTFREE 10 INITRANS 2 MAXTRANS 255 COMPUTE STATISTICS
  STORAGE(INITIAL 65536 NEXT 1048576 MINEXTENTS 1 MAXEXTENTS 2147483645
  PCTINCREASE 0 FREELISTS 1 FREELIST GROUPS 1
  BUFFER_POOL DEFAULT FLASH_CACHE DEFAULT CELL_FLASH_CACHE DEFAULT)
  TABLESPACE "USERS" ;
--------------------------------------------------------
--  DDL for Index SYS_C008339
--------------------------------------------------------

CREATE UNIQUE INDEX "POKEMON"."SYS_C008339" ON "POKEMON"."POKEMON" ("NAME")
    PCTFREE 10 INITRANS 2 MAXTRANS 255 COMPUTE STATISTICS
  STORAGE(INITIAL 65536 NEXT 1048576 MINEXTENTS 1 MAXEXTENTS 2147483645
  PCTINCREASE 0 FREELISTS 1 FREELIST GROUPS 1
  BUFFER_POOL DEFAULT FLASH_CACHE DEFAULT CELL_FLASH_CACHE DEFAULT)
  TABLESPACE "USERS" ;
--------------------------------------------------------
--  DDL for Index PK_POKEMON_ABILITY
--------------------------------------------------------

CREATE UNIQUE INDEX "POKEMON"."PK_POKEMON_ABILITY" ON "POKEMON"."POKEMON_ABILITY" ("POKEMON_ID", "ABILITY_ID")
    PCTFREE 10 INITRANS 2 MAXTRANS 255 COMPUTE STATISTICS
  STORAGE(INITIAL 65536 NEXT 1048576 MINEXTENTS 1 MAXEXTENTS 2147483645
  PCTINCREASE 0 FREELISTS 1 FREELIST GROUPS 1
  BUFFER_POOL DEFAULT FLASH_CACHE DEFAULT CELL_FLASH_CACHE DEFAULT)
  TABLESPACE "USERS" ;
--------------------------------------------------------
--  DDL for Index PK_POKEMON_TYPE
--------------------------------------------------------

CREATE UNIQUE INDEX "POKEMON"."PK_POKEMON_TYPE" ON "POKEMON"."POKEMON_TYPE" ("POKEMON_ID", "TYPE_ID")
    PCTFREE 10 INITRANS 2 MAXTRANS 255 COMPUTE STATISTICS
  STORAGE(INITIAL 65536 NEXT 1048576 MINEXTENTS 1 MAXEXTENTS 2147483645
  PCTINCREASE 0 FREELISTS 1 FREELIST GROUPS 1
  BUFFER_POOL DEFAULT FLASH_CACHE DEFAULT CELL_FLASH_CACHE DEFAULT)
  TABLESPACE "USERS" ;
--------------------------------------------------------
--  DDL for Index SYS_C008342
--------------------------------------------------------

CREATE UNIQUE INDEX "POKEMON"."SYS_C008342" ON "POKEMON"."TYPE" ("ID")
    PCTFREE 10 INITRANS 2 MAXTRANS 255 COMPUTE STATISTICS
  STORAGE(INITIAL 65536 NEXT 1048576 MINEXTENTS 1 MAXEXTENTS 2147483645
  PCTINCREASE 0 FREELISTS 1 FREELIST GROUPS 1
  BUFFER_POOL DEFAULT FLASH_CACHE DEFAULT CELL_FLASH_CACHE DEFAULT)
  TABLESPACE "USERS" ;
--------------------------------------------------------
--  DDL for Index SYS_C008343
--------------------------------------------------------

CREATE UNIQUE INDEX "POKEMON"."SYS_C008343" ON "POKEMON"."TYPE" ("NAME")
    PCTFREE 10 INITRANS 2 MAXTRANS 255 COMPUTE STATISTICS
  STORAGE(INITIAL 65536 NEXT 1048576 MINEXTENTS 1 MAXEXTENTS 2147483645
  PCTINCREASE 0 FREELISTS 1 FREELIST GROUPS 1
  BUFFER_POOL DEFAULT FLASH_CACHE DEFAULT CELL_FLASH_CACHE DEFAULT)
  TABLESPACE "USERS" ;
--------------------------------------------------------
--  Constraints for Table ABILITY
--------------------------------------------------------

ALTER TABLE "POKEMON"."ABILITY" MODIFY ("ID" NOT NULL ENABLE);
ALTER TABLE "POKEMON"."ABILITY" MODIFY ("NAME" NOT NULL ENABLE);
ALTER TABLE "POKEMON"."ABILITY" ADD PRIMARY KEY ("ID")
    USING INDEX PCTFREE 10 INITRANS 2 MAXTRANS 255 COMPUTE STATISTICS
  STORAGE(INITIAL 65536 NEXT 1048576 MINEXTENTS 1 MAXEXTENTS 2147483645
  PCTINCREASE 0 FREELISTS 1 FREELIST GROUPS 1
  BUFFER_POOL DEFAULT FLASH_CACHE DEFAULT CELL_FLASH_CACHE DEFAULT)
  TABLESPACE "USERS"  ENABLE;
ALTER TABLE "POKEMON"."ABILITY" ADD UNIQUE ("NAME")
    USING INDEX PCTFREE 10 INITRANS 2 MAXTRANS 255 COMPUTE STATISTICS
  STORAGE(INITIAL 65536 NEXT 1048576 MINEXTENTS 1 MAXEXTENTS 2147483645
  PCTINCREASE 0 FREELISTS 1 FREELIST GROUPS 1
  BUFFER_POOL DEFAULT FLASH_CACHE DEFAULT CELL_FLASH_CACHE DEFAULT)
  TABLESPACE "USERS"  ENABLE;
--------------------------------------------------------
--  Constraints for Table POKEMON
--------------------------------------------------------

ALTER TABLE "POKEMON"."POKEMON" MODIFY ("ID" NOT NULL ENABLE);
ALTER TABLE "POKEMON"."POKEMON" MODIFY ("NAME" NOT NULL ENABLE);
ALTER TABLE "POKEMON"."POKEMON" ADD PRIMARY KEY ("ID")
    USING INDEX PCTFREE 10 INITRANS 2 MAXTRANS 255 COMPUTE STATISTICS
  STORAGE(INITIAL 65536 NEXT 1048576 MINEXTENTS 1 MAXEXTENTS 2147483645
  PCTINCREASE 0 FREELISTS 1 FREELIST GROUPS 1
  BUFFER_POOL DEFAULT FLASH_CACHE DEFAULT CELL_FLASH_CACHE DEFAULT)
  TABLESPACE "USERS"  ENABLE;
ALTER TABLE "POKEMON"."POKEMON" ADD UNIQUE ("NAME")
    USING INDEX PCTFREE 10 INITRANS 2 MAXTRANS 255 COMPUTE STATISTICS
  STORAGE(INITIAL 65536 NEXT 1048576 MINEXTENTS 1 MAXEXTENTS 2147483645
  PCTINCREASE 0 FREELISTS 1 FREELIST GROUPS 1
  BUFFER_POOL DEFAULT FLASH_CACHE DEFAULT CELL_FLASH_CACHE DEFAULT)
  TABLESPACE "USERS"  ENABLE;
--------------------------------------------------------
--  Constraints for Table POKEMON_ABILITY
--------------------------------------------------------

ALTER TABLE "POKEMON"."POKEMON_ABILITY" MODIFY ("POKEMON_ID" NOT NULL ENABLE);
ALTER TABLE "POKEMON"."POKEMON_ABILITY" MODIFY ("ABILITY_ID" NOT NULL ENABLE);
ALTER TABLE "POKEMON"."POKEMON_ABILITY" ADD CONSTRAINT "PK_POKEMON_ABILITY" PRIMARY KEY ("POKEMON_ID", "ABILITY_ID")
    USING INDEX PCTFREE 10 INITRANS 2 MAXTRANS 255 COMPUTE STATISTICS
  STORAGE(INITIAL 65536 NEXT 1048576 MINEXTENTS 1 MAXEXTENTS 2147483645
  PCTINCREASE 0 FREELISTS 1 FREELIST GROUPS 1
  BUFFER_POOL DEFAULT FLASH_CACHE DEFAULT CELL_FLASH_CACHE DEFAULT)
  TABLESPACE "USERS"  ENABLE;
--------------------------------------------------------
--  Constraints for Table POKEMON_TYPE
--------------------------------------------------------

ALTER TABLE "POKEMON"."POKEMON_TYPE" MODIFY ("POKEMON_ID" NOT NULL ENABLE);
ALTER TABLE "POKEMON"."POKEMON_TYPE" MODIFY ("TYPE_ID" NOT NULL ENABLE);
ALTER TABLE "POKEMON"."POKEMON_TYPE" ADD CONSTRAINT "PK_POKEMON_TYPE" PRIMARY KEY ("POKEMON_ID", "TYPE_ID")
    USING INDEX PCTFREE 10 INITRANS 2 MAXTRANS 255 COMPUTE STATISTICS
  STORAGE(INITIAL 65536 NEXT 1048576 MINEXTENTS 1 MAXEXTENTS 2147483645
  PCTINCREASE 0 FREELISTS 1 FREELIST GROUPS 1
  BUFFER_POOL DEFAULT FLASH_CACHE DEFAULT CELL_FLASH_CACHE DEFAULT)
  TABLESPACE "USERS"  ENABLE;
--------------------------------------------------------
--  Constraints for Table TYPE
--------------------------------------------------------

ALTER TABLE "POKEMON"."TYPE" MODIFY ("ID" NOT NULL ENABLE);
ALTER TABLE "POKEMON"."TYPE" MODIFY ("NAME" NOT NULL ENABLE);
ALTER TABLE "POKEMON"."TYPE" ADD PRIMARY KEY ("ID")
    USING INDEX PCTFREE 10 INITRANS 2 MAXTRANS 255 COMPUTE STATISTICS
  STORAGE(INITIAL 65536 NEXT 1048576 MINEXTENTS 1 MAXEXTENTS 2147483645
  PCTINCREASE 0 FREELISTS 1 FREELIST GROUPS 1
  BUFFER_POOL DEFAULT FLASH_CACHE DEFAULT CELL_FLASH_CACHE DEFAULT)
  TABLESPACE "USERS"  ENABLE;
ALTER TABLE "POKEMON"."TYPE" ADD UNIQUE ("NAME")
    USING INDEX PCTFREE 10 INITRANS 2 MAXTRANS 255 COMPUTE STATISTICS
  STORAGE(INITIAL 65536 NEXT 1048576 MINEXTENTS 1 MAXEXTENTS 2147483645
  PCTINCREASE 0 FREELISTS 1 FREELIST GROUPS 1
  BUFFER_POOL DEFAULT FLASH_CACHE DEFAULT CELL_FLASH_CACHE DEFAULT)
  TABLESPACE "USERS"  ENABLE;
--------------------------------------------------------
--  Ref Constraints for Table POKEMON_ABILITY
--------------------------------------------------------

ALTER TABLE "POKEMON"."POKEMON_ABILITY" ADD CONSTRAINT "FK_POKEMON_ABILITY_POKEMON" FOREIGN KEY ("POKEMON_ID")
    REFERENCES "POKEMON"."POKEMON" ("ID") ENABLE;
ALTER TABLE "POKEMON"."POKEMON_ABILITY" ADD CONSTRAINT "FK_POKEMON_ABILITY_ABILITY" FOREIGN KEY ("ABILITY_ID")
    REFERENCES "POKEMON"."ABILITY" ("ID") ENABLE;
--------------------------------------------------------
--  Ref Constraints for Table POKEMON_TYPE
--------------------------------------------------------

ALTER TABLE "POKEMON"."POKEMON_TYPE" ADD CONSTRAINT "FK_POKEMON" FOREIGN KEY ("POKEMON_ID")
    REFERENCES "POKEMON"."POKEMON" ("ID") ENABLE;
ALTER TABLE "POKEMON"."POKEMON_TYPE" ADD CONSTRAINT "FK_TYPE" FOREIGN KEY ("TYPE_ID")
    REFERENCES "POKEMON"."TYPE" ("ID") ENABLE;
